{
  "localisation": [
    {
      "sublocalisations": {
        "localisation": [
          {
            "shape": {
              "t": "rectangle",
              "c": {
                "x": 0.2,
                "y": 0.5
              },
              "rx": 0.03654970760233918,
              "ry": 0.06510416666666667,
              "o": 0.0
            },
            "tc": "00:00:00.0000",
            "tclevel": 1
          },
          {
            "shape": {
              "t": "rectangle",
              "c": {
                "x": 0.2,
                "y": 0.5
              },
              "rx": 0.03654970760233918,
              "ry": 0.06510416666666667,
              "o": 0.0
            },
            "tc": "00:00:01.6800",
            "tclevel": 1
          },
          {
            "shape": {
              "t": "rectangle",
              "c": {
                "x": 0.2857142857142857,
                "y": 0.3
              },
              "rx": 0.03654970760233918,
              "ry": 0.06510416666666667,
              "o": 0.0
            },
            "tc": "00:00:03.3600",
            "tclevel": 1
          },
          {
            "shape": {
              "t": "rectangle",
              "c": {
                "x": 0.37142857142857144,
                "y": 0.7
              },
              "rx": 0.03654970760233918,
              "ry": 0.06510416666666667,
              "o": 0.0
            },
            "tc": "00:00:05.0400",
            "tclevel": 1
          },
          {
            "shape": {
              "t": "rectangle",
              "c": {
                "x": 0.4571428571428572,
                "y": 0.3
              },
              "rx": 0.03654970760233918,
              "ry": 0.06510416666666667,
              "o": 0.0
            },
            "tc": "00:00:06.7200",
            "tclevel": 1
          },
          {
            "shape": {
              "t": "rectangle",
              "c": {
                "x": 0.5428571428571429,
                "y": 0.7
              },
              "rx": 0.03654970760233918,
              "ry": 0.06510416666666667,
              "o": 0.0
            },
            "tc": "00:00:08.4000",
            "tclevel": 1
          },
          {
            "shape": {
              "t": "rectangle",
              "c": {
                "x": 0.6285714285714287,
                "y": 0.3
              },
              "rx": 0.03654970760233918,
              "ry": 0.06510416666666667,
              "o": 0.0
            },
            "tc": "00:00:10.0800",
            "tclevel": 1
          },
          {
            "shape": {
              "t": "rectangle",
              "c": {
                "x": 0.7142857142857144,
                "y": 0.7
              },
              "rx": 0.03654970760233918,
              "ry": 0.06510416666666667,
              "o": 0.0
            },
            "tc": "00:00:12.0000",
            "tclevel": 1
          }
        ]
      },
      "label": "EllipseWithBoudingBox-1",
      "tcin": "00:00:00.0000",
      "tcout": "00:00:12.0000",
      "tclevel": 0
    }
  ],
  "id": "track-amalia01-1",
  "type": "visual_tracking",
  "algorithm": "demo-video-generator",
  "processor": "Ina Research Department - N. HERVE",
  "processed": 1432288449928,
  "version": 1
}
