{
    "localisation": [
        {
            "sublocalisations": {
                "localisation": [
                    {
                        "label": "A demo label !",
                        "tc": "00:00:30.0000",
                        "tclevel": 1
                    }
                ]
            },
            "type": "fake",
            "tcin": "00:00:00.0000",
            "tcout": "00:01:00.0000",
            "tclevel": 0
        }
    ],
    "id": "amalia-simple01",
    "type": "fake",
    "algorithm": "demo-json-generator",
    "processor": "Ina Research Department - N. HERVE",
    "processed": 1418900533632,
    "version": 1
}