{
    "localisation": [
        {
            "sublocalisations": {
                "localisation": [
                    {
                        "data": {
                            "text": [
                                "<b>This</b> is a demonstration video"
                            ]
                        },
                        "tcin": "00:00:00.0000",
                        "tcout": "00:00:01.6800",
                        "tclevel": 1
                    },
                    {
                        "data": {
                            "text": [
                                "with a red ball"
                            ]
                        },
                        "tcin": "00:00:01.6800",
                        "tcout": "00:00:03.3600",
                        "tclevel": 1
                    },
                    {
                        "data": {
                            "text": [
                                "ping"
                            ]
                        },
                        "tcin": "00:00:03.3600",
                        "tcout": "00:00:05.0400",
                        "tclevel": 1
                    },
                    {
                        "data": {
                            "text": [
                                "pong"
                            ]
                        },
                        "tcin": "00:00:05.0400",
                        "tcout": "00:00:06.7200",
                        "tclevel": 1
                    },
                    {
                        "data": {
                            "text": [
                                "ping"
                            ]
                        },
                        "tcin": "00:00:06.7200",
                        "tcout": "00:00:08.4000",
                        "tclevel": 1
                    },
                    {
                        "data": {
                            "text": [
                                "pong"
                            ]
                        },
                        "tcin": "00:00:08.4000",
                        "tcout": "00:00:10.0800",
                        "tclevel": 1
                    },
                    {
                        "data": {
                            "text": [
                                "ping"
                            ]
                        },
                        "tcin": "00:00:10.0800",
                        "tcout": "00:00:12.0000",
                        "tclevel": 1
                    },
                    {
                        "data": {
                            "text": [
                                "... the ball has disappeared !"
                            ]
                        },
                        "tcin": "00:00:12.0000",
                        "tcout": "00:00:15.0000",
                        "tclevel": 1
                    }
                ]
            },
            "type": "text",
            "tcin": "00:00:00.0000",
            "tcout": "00:00:15.0000",
            "tclevel": 0
        }
    ],
    "id": "text-amalia01",
    "type": "text",
    "algorithm": "demo-video-generator",
    "processor": "Ina Research Department - N. HERVE",
    "processed": 1421141589288,
    "version": 1
}